{"schemaVersion":"1.0","appDefinitionTemplate":{"id":"/providers/Microsoft.PowerApps/apps/","type":"Microsoft.PowerApps/apps","tags":{"primaryDeviceWidth":"640","primaryDeviceHeight":"1136","sienaVersion":"20220308T163506Z-3.22022.31.0","deviceCapabilities":"location","supportsPortrait":"true","supportsLandscape":"true","primaryFormFactor":"Phone","publisherVersion":"3.22022.31","minimumRequiredApiVersion":"2.2.0","hasComponent":"false","hasUnlockedComponent":"false","isUnifiedRootApp":"false"},"properties":{"appVersion":"2022-03-08T16:35:06Z","lifeCycleId":"Published","createdByClientVersion":{"major":3,"minor":22022,"build":31,"revision":0,"majorRevision":0,"minorRevision":0},"minClientVersion":{"major":3,"minor":22022,"build":31,"revision":0,"majorRevision":0,"minorRevision":0},"backgroundColor":"RGBA(0,176,240,1)","backgroundImageUri":"/11405611019808934078/N72a5f206-bb60-4508-ad13-2972e62da8ce-logoSmallFile","displayName":"GEO AUTO LOCATION","description":"","commitMessage":"","appUris":{"documentUri":{"value":"/11405611019808934078/Nfd3315fb-5da4-4916-afee-fa673ea8e11c-document.msapp"},"imageUris":[]},"createdTime":"0001-01-01T00:00:00Z","lastModifiedTime":"0001-01-01T00:00:00Z","sharedGroupsCount":0,"sharedUsersCount":0,"icons":{"smallIconUri":"/11405611019808934078/Na58ee802-85f1-4f4a-b1c9-3cdf2389e965-small.png","mediumIconUri":"/11405611019808934078/N0706fedb-c2e2-484b-bc97-71e71cd6efa7-medium.png","largeIconUri":"/11405611019808934078/N24843027-03c4-48a3-a496-2e01e891e160-large.png","wideIconUri":"/11405611019808934078/N55f205f4-c016-4f94-a365-585f45dd54ff-wide.png"},"connectionReferences":{"09a7e0f9-c2ee-4bcf-90f7-d8f9a6cca3ec":{"id":"a1ef9f39-78b5-4c46-9666-d749cdff6ef5","displayName":"Logic flows","iconUri":"https://connectoricons-prod.azureedge.net/releases/v1.0.1534/1.0.1534.2605/logicflows/icon.png","dataSources":["GEOMAPSLocation"],"dependencies":["9eba88f7-0832-44c2-b539-44788f6811f8","f343e062-73c5-46fa-823c-4c3e1e6b5de9"],"dependents":[],"parameterHints":{"workflowName":{"value":"29390011-51b2-40a6-b17c-b439012d4263"},"workflowEntityId":{},"9eba88f7-0832-44c2-b539-44788f6811f8":{"value":"shared_bingmaps_1"},"f343e062-73c5-46fa-823c-4c3e1e6b5de9":{"value":"shared_sql"}},"parameterHintsV2":{"workflowName":{"value":"29390011-51b2-40a6-b17c-b439012d4263"},"workflowEntityId":{},"shared_bingmaps_1":{"value":"9eba88f7-0832-44c2-b539-44788f6811f8"},"shared_sql":{"value":"f343e062-73c5-46fa-823c-4c3e1e6b5de9"}},"isOnPremiseConnection":false,"bypassConsent":false,"dataSets":{},"apiTier":"Standard","isCustomApiConnection":false,"actions":["Run"]},"9eba88f7-0832-44c2-b539-44788f6811f8":{"id":"677d8580-d684-4183-b291-1b6f5a318636","displayName":"Bing Maps","iconUri":"https://connectoricons-prod.azureedge.net/releases/v1.0.1538/1.0.1538.2619/bingmaps/icon.png","dataSources":[],"dependencies":[],"dependents":["09a7e0f9-c2ee-4bcf-90f7-d8f9a6cca3ec"],"parameterHints":{},"parameterHintsV2":{},"isOnPremiseConnection":false,"sharedConnectionId":"b8b7413b-0d5c-44e7-9c10-61e9a8593928","bypassConsent":false,"dataSets":{},"apiTier":"Standard","isCustomApiConnection":false},"f343e062-73c5-46fa-823c-4c3e1e6b5de9":{"id":"6486602a-b1e5-40b5-bc2a-7e8b78139909","displayName":"SQL Server","iconUri":"https://connectoricons-prod.azureedge.net/laborbol/patches/1520/sql-mi/1.0.1520.2574/sql/icon.png","dataSources":[],"dependencies":[],"dependents":["09a7e0f9-c2ee-4bcf-90f7-d8f9a6cca3ec"],"parameterHints":{},"parameterHintsV2":{},"isOnPremiseConnection":false,"sharedConnectionId":"0aaa659e-8a19-4188-9034-842be6987c52","bypassConsent":false,"dataSets":{},"apiTier":"Premium","isCustomApiConnection":false,"authenticationType":"sqlAuthentication","endpoints":["twilight.database.windows.net,twilight"]}},"databaseReferences":{},"almMode":"Environment","performanceOptimizationEnabled":true,"canConsumeAppPass":true,"executionRestrictions":{"isTeamsOnly":false,"dataLossPreventionEvaluationResult":{"status":"Compliant","lastEvaluationDate":"2022-03-06T19:46:14.1017773Z","violations":[],"violationsByPolicy":[],"violationErrorMessage":"The app uses the following connectors: shared_logicflows, shared_bingmaps."}}},"appType":"ClassicCanvasApp","appComponents":[]}}