{
    "$schema": "https://schema.management.azure.com/schemas/2019-04-01/deploymentTemplate.json#",
    "contentVersion": "1.0.0.0",
    "parameters": {
        "sites_Twilighthealthbot_name": {
            "defaultValue": "Twilighthealthbot",
            "type": "String"
        },
        "serverfarms_plan_win_healthcare_bot_hm56yw7i3zht4_externalid": {
            "defaultValue": "/subscriptions/5cfa8551-0443-420f-90af-12eba2fe07f1/resourceGroups/ODL-Hackathon-539179/providers/Microsoft.Web/serverfarms/plan-win-healthcare-bot-hm56yw7i3zht4",
            "type": "String"
        }
    },
    "variables": {},
    "resources": [
        {
            "type": "Microsoft.Web/sites",
            "apiVersion": "2021-03-01",
            "name": "[parameters('sites_Twilighthealthbot_name')]",
            "location": "East US",
            "tags": {
                "DeploymentId": "539179",
                "LaunchId": "21398",
                "LaunchType": "ON_DEMAND_LAB",
                "TemplateId": "4260",
                "TenantId": "277"
            },
            "kind": "app",
            "properties": {
                "enabled": true,
                "hostNameSslStates": [
                    {
                        "name": "twilighthealthbot.azurewebsites.net",
                        "sslState": "Disabled",
                        "hostType": "Standard"
                    },
                    {
                        "name": "twilighthealthbot.scm.azurewebsites.net",
                        "sslState": "Disabled",
                        "hostType": "Repository"
                    }
                ],
                "serverFarmId": "[parameters('serverfarms_plan_win_healthcare_bot_hm56yw7i3zht4_externalid')]",
                "reserved": false,
                "isXenon": false,
                "hyperV": false,
                "siteConfig": {
                    "numberOfWorkers": 1,
                    "acrUseManagedIdentityCreds": false,
                    "alwaysOn": true,
                    "http20Enabled": false,
                    "functionAppScaleLimit": 0,
                    "minimumElasticInstanceCount": 0
                },
                "scmSiteAlsoStopped": false,
                "clientAffinityEnabled": true,
                "clientCertEnabled": false,
                "clientCertMode": "Required",
                "hostNamesDisabled": false,
                "customDomainVerificationId": "88C81A44EB77A99C2B1DDAE3CFE0FB8818F3516F7BEB5C5E34C54A088DE70D9D",
                "containerSize": 0,
                "dailyMemoryTimeQuota": 0,
                "httpsOnly": false,
                "redundancyMode": "None",
                "storageAccountRequired": false,
                "keyVaultReferenceIdentity": "SystemAssigned"
            }
        },
        {
            "type": "Microsoft.Web/sites/basicPublishingCredentialsPolicies",
            "apiVersion": "2021-03-01",
            "name": "[concat(parameters('sites_Twilighthealthbot_name'), '/ftp')]",
            "location": "East US",
            "dependsOn": [
                "[resourceId('Microsoft.Web/sites', parameters('sites_Twilighthealthbot_name'))]"
            ],
            "tags": {
                "DeploymentId": "539179",
                "LaunchId": "21398",
                "LaunchType": "ON_DEMAND_LAB",
                "TemplateId": "4260",
                "TenantId": "277"
            },
            "properties": {
                "allow": true
            }
        },
        {
            "type": "Microsoft.Web/sites/basicPublishingCredentialsPolicies",
            "apiVersion": "2021-03-01",
            "name": "[concat(parameters('sites_Twilighthealthbot_name'), '/scm')]",
            "location": "East US",
            "dependsOn": [
                "[resourceId('Microsoft.Web/sites', parameters('sites_Twilighthealthbot_name'))]"
            ],
            "tags": {
                "DeploymentId": "539179",
                "LaunchId": "21398",
                "LaunchType": "ON_DEMAND_LAB",
                "TemplateId": "4260",
                "TenantId": "277"
            },
            "properties": {
                "allow": true
            }
        },
        {
            "type": "Microsoft.Web/sites/config",
            "apiVersion": "2021-03-01",
            "name": "[concat(parameters('sites_Twilighthealthbot_name'), '/web')]",
            "location": "East US",
            "dependsOn": [
                "[resourceId('Microsoft.Web/sites', parameters('sites_Twilighthealthbot_name'))]"
            ],
            "tags": {
                "DeploymentId": "539179",
                "LaunchId": "21398",
                "LaunchType": "ON_DEMAND_LAB",
                "TemplateId": "4260",
                "TenantId": "277"
            },
            "properties": {
                "numberOfWorkers": 1,
                "defaultDocuments": [
                    "Default.htm",
                    "Default.html",
                    "Default.asp",
                    "index.htm",
                    "index.html",
                    "iisstart.htm",
                    "default.aspx",
                    "index.php",
                    "hostingstart.html"
                ],
                "netFrameworkVersion": "v4.0",
                "phpVersion": "5.6",
                "nodeVersion": "~16",
                "requestTracingEnabled": false,
                "remoteDebuggingEnabled": false,
                "remoteDebuggingVersion": "VS2019",
                "httpLoggingEnabled": false,
                "acrUseManagedIdentityCreds": false,
                "logsDirectorySizeLimit": 35,
                "detailedErrorLoggingEnabled": false,
                "publishingUsername": "$Twilighthealthbot",
                "scmType": "ExternalGit",
                "use32BitWorkerProcess": true,
                "webSocketsEnabled": false,
                "alwaysOn": true,
                "managedPipelineMode": "Integrated",
                "virtualApplications": [
                    {
                        "virtualPath": "/",
                        "physicalPath": "site\\wwwroot",
                        "preloadEnabled": true
                    }
                ],
                "loadBalancing": "LeastRequests",
                "experiments": {
                    "rampUpRules": []
                },
                "autoHealEnabled": false,
                "vnetRouteAllEnabled": false,
                "vnetPrivatePortsCount": 0,
                "localMySqlEnabled": false,
                "ipSecurityRestrictions": [
                    {
                        "ipAddress": "Any",
                        "action": "Allow",
                        "priority": 1,
                        "name": "Allow all",
                        "description": "Allow all access"
                    }
                ],
                "scmIpSecurityRestrictions": [
                    {
                        "ipAddress": "Any",
                        "action": "Allow",
                        "priority": 1,
                        "name": "Allow all",
                        "description": "Allow all access"
                    }
                ],
                "scmIpSecurityRestrictionsUseMain": false,
                "http20Enabled": false,
                "minTlsVersion": "1.2",
                "scmMinTlsVersion": "1.0",
                "ftpsState": "AllAllowed",
                "preWarmedInstanceCount": 0,
                "functionAppScaleLimit": 0,
                "functionsRuntimeScaleMonitoringEnabled": false,
                "minimumElasticInstanceCount": 0,
                "azureStorageAccounts": {}
            }
        },
        {
            "type": "Microsoft.Web/sites/deployments",
            "apiVersion": "2021-03-01",
            "name": "[concat(parameters('sites_Twilighthealthbot_name'), '/08e3b83c9a8b52e0d5e095568182974d89f3959d')]",
            "location": "East US",
            "dependsOn": [
                "[resourceId('Microsoft.Web/sites', parameters('sites_Twilighthealthbot_name'))]"
            ],
            "properties": {
                "status": 4,
                "author_email": "44203837+amir-microsoft@users.noreply.github.com",
                "author": "amir-microsoft",
                "deployer": "GitHub",
                "message": "updating package-lock.json (#120)\n\nCo-authored-by: amir-microsoft <>",
                "start_time": "2022-03-27T12:57:33.3022336Z",
                "end_time": "2022-03-27T12:57:38.8854959Z",
                "active": true
            }
        },
        {
            "type": "Microsoft.Web/sites/hostNameBindings",
            "apiVersion": "2021-03-01",
            "name": "[concat(parameters('sites_Twilighthealthbot_name'), '/', parameters('sites_Twilighthealthbot_name'), '.azurewebsites.net')]",
            "location": "East US",
            "dependsOn": [
                "[resourceId('Microsoft.Web/sites', parameters('sites_Twilighthealthbot_name'))]"
            ],
            "properties": {
                "siteName": "Twilighthealthbot",
                "hostNameType": "Verified"
            }
        },
        {
            "type": "Microsoft.Web/sites/snapshots",
            "apiVersion": "2015-08-01",
            "name": "[concat(parameters('sites_Twilighthealthbot_name'), '/2022-03-27T12_58_23_8397266')]",
            "dependsOn": [
                "[resourceId('Microsoft.Web/sites', parameters('sites_Twilighthealthbot_name'))]"
            ]
        },
        {
            "type": "Microsoft.Web/sites/snapshots",
            "apiVersion": "2015-08-01",
            "name": "[concat(parameters('sites_Twilighthealthbot_name'), '/2022-03-27T13_58_23_9159914')]",
            "dependsOn": [
                "[resourceId('Microsoft.Web/sites', parameters('sites_Twilighthealthbot_name'))]"
            ]
        },
        {
            "type": "Microsoft.Web/sites/snapshots",
            "apiVersion": "2015-08-01",
            "name": "[concat(parameters('sites_Twilighthealthbot_name'), '/2022-03-27T14_58_23_9096829')]",
            "dependsOn": [
                "[resourceId('Microsoft.Web/sites', parameters('sites_Twilighthealthbot_name'))]"
            ]
        },
        {
            "type": "Microsoft.Web/sites/snapshots",
            "apiVersion": "2015-08-01",
            "name": "[concat(parameters('sites_Twilighthealthbot_name'), '/2022-03-27T15_58_23_9255718')]",
            "dependsOn": [
                "[resourceId('Microsoft.Web/sites', parameters('sites_Twilighthealthbot_name'))]"
            ]
        },
        {
            "type": "Microsoft.Web/sites/snapshots",
            "apiVersion": "2015-08-01",
            "name": "[concat(parameters('sites_Twilighthealthbot_name'), '/2022-03-27T16_58_23_9900051')]",
            "dependsOn": [
                "[resourceId('Microsoft.Web/sites', parameters('sites_Twilighthealthbot_name'))]"
            ]
        },
        {
            "type": "Microsoft.Web/sites/snapshots",
            "apiVersion": "2015-08-01",
            "name": "[concat(parameters('sites_Twilighthealthbot_name'), '/2022-03-27T17_58_23_9992527')]",
            "dependsOn": [
                "[resourceId('Microsoft.Web/sites', parameters('sites_Twilighthealthbot_name'))]"
            ]
        },
        {
            "type": "Microsoft.Web/sites/snapshots",
            "apiVersion": "2015-08-01",
            "name": "[concat(parameters('sites_Twilighthealthbot_name'), '/2022-03-27T18_58_24_0331742')]",
            "dependsOn": [
                "[resourceId('Microsoft.Web/sites', parameters('sites_Twilighthealthbot_name'))]"
            ]
        },
        {
            "type": "Microsoft.Web/sites/snapshots",
            "apiVersion": "2015-08-01",
            "name": "[concat(parameters('sites_Twilighthealthbot_name'), '/2022-03-27T19_58_24_1533125')]",
            "dependsOn": [
                "[resourceId('Microsoft.Web/sites', parameters('sites_Twilighthealthbot_name'))]"
            ]
        },
        {
            "type": "Microsoft.Web/sites/snapshots",
            "apiVersion": "2015-08-01",
            "name": "[concat(parameters('sites_Twilighthealthbot_name'), '/2022-03-27T20_58_24_1310606')]",
            "dependsOn": [
                "[resourceId('Microsoft.Web/sites', parameters('sites_Twilighthealthbot_name'))]"
            ]
        },
        {
            "type": "Microsoft.Web/sites/snapshots",
            "apiVersion": "2015-08-01",
            "name": "[concat(parameters('sites_Twilighthealthbot_name'), '/2022-03-27T21_58_24_1581217')]",
            "dependsOn": [
                "[resourceId('Microsoft.Web/sites', parameters('sites_Twilighthealthbot_name'))]"
            ]
        },
        {
            "type": "Microsoft.Web/sites/snapshots",
            "apiVersion": "2015-08-01",
            "name": "[concat(parameters('sites_Twilighthealthbot_name'), '/2022-03-27T22_58_24_1961161')]",
            "dependsOn": [
                "[resourceId('Microsoft.Web/sites', parameters('sites_Twilighthealthbot_name'))]"
            ]
        },
        {
            "type": "Microsoft.Web/sites/snapshots",
            "apiVersion": "2015-08-01",
            "name": "[concat(parameters('sites_Twilighthealthbot_name'), '/2022-03-27T23_58_24_2282234')]",
            "dependsOn": [
                "[resourceId('Microsoft.Web/sites', parameters('sites_Twilighthealthbot_name'))]"
            ]
        },
        {
            "type": "Microsoft.Web/sites/snapshots",
            "apiVersion": "2015-08-01",
            "name": "[concat(parameters('sites_Twilighthealthbot_name'), '/2022-03-28T00_58_24_2560411')]",
            "dependsOn": [
                "[resourceId('Microsoft.Web/sites', parameters('sites_Twilighthealthbot_name'))]"
            ]
        },
        {
            "type": "Microsoft.Web/sites/snapshots",
            "apiVersion": "2015-08-01",
            "name": "[concat(parameters('sites_Twilighthealthbot_name'), '/2022-03-28T01_58_24_3130511')]",
            "dependsOn": [
                "[resourceId('Microsoft.Web/sites', parameters('sites_Twilighthealthbot_name'))]"
            ]
        },
        {
            "type": "Microsoft.Web/sites/snapshots",
            "apiVersion": "2015-08-01",
            "name": "[concat(parameters('sites_Twilighthealthbot_name'), '/2022-03-28T02_58_24_3447804')]",
            "dependsOn": [
                "[resourceId('Microsoft.Web/sites', parameters('sites_Twilighthealthbot_name'))]"
            ]
        },
        {
            "type": "Microsoft.Web/sites/snapshots",
            "apiVersion": "2015-08-01",
            "name": "[concat(parameters('sites_Twilighthealthbot_name'), '/2022-03-28T03_58_24_3646822')]",
            "dependsOn": [
                "[resourceId('Microsoft.Web/sites', parameters('sites_Twilighthealthbot_name'))]"
            ]
        },
        {
            "type": "Microsoft.Web/sites/snapshots",
            "apiVersion": "2015-08-01",
            "name": "[concat(parameters('sites_Twilighthealthbot_name'), '/2022-03-28T04_58_24_3922046')]",
            "dependsOn": [
                "[resourceId('Microsoft.Web/sites', parameters('sites_Twilighthealthbot_name'))]"
            ]
        },
        {
            "type": "Microsoft.Web/sites/snapshots",
            "apiVersion": "2015-08-01",
            "name": "[concat(parameters('sites_Twilighthealthbot_name'), '/2022-03-28T05_58_24_4712639')]",
            "dependsOn": [
                "[resourceId('Microsoft.Web/sites', parameters('sites_Twilighthealthbot_name'))]"
            ]
        },
        {
            "type": "Microsoft.Web/sites/snapshots",
            "apiVersion": "2015-08-01",
            "name": "[concat(parameters('sites_Twilighthealthbot_name'), '/2022-03-28T06_58_24_4632844')]",
            "dependsOn": [
                "[resourceId('Microsoft.Web/sites', parameters('sites_Twilighthealthbot_name'))]"
            ]
        },
        {
            "type": "Microsoft.Web/sites/snapshots",
            "apiVersion": "2015-08-01",
            "name": "[concat(parameters('sites_Twilighthealthbot_name'), '/2022-03-28T07_58_24_5084884')]",
            "dependsOn": [
                "[resourceId('Microsoft.Web/sites', parameters('sites_Twilighthealthbot_name'))]"
            ]
        },
        {
            "type": "Microsoft.Web/sites/snapshots",
            "apiVersion": "2015-08-01",
            "name": "[concat(parameters('sites_Twilighthealthbot_name'), '/2022-03-28T08_58_24_5436897')]",
            "dependsOn": [
                "[resourceId('Microsoft.Web/sites', parameters('sites_Twilighthealthbot_name'))]"
            ]
        },
        {
            "type": "Microsoft.Web/sites/snapshots",
            "apiVersion": "2015-08-01",
            "name": "[concat(parameters('sites_Twilighthealthbot_name'), '/2022-03-28T09_58_24_5748331')]",
            "dependsOn": [
                "[resourceId('Microsoft.Web/sites', parameters('sites_Twilighthealthbot_name'))]"
            ]
        },
        {
            "type": "Microsoft.Web/sites/snapshots",
            "apiVersion": "2015-08-01",
            "name": "[concat(parameters('sites_Twilighthealthbot_name'), '/2022-03-28T10_58_24_6399894')]",
            "dependsOn": [
                "[resourceId('Microsoft.Web/sites', parameters('sites_Twilighthealthbot_name'))]"
            ]
        },
        {
            "type": "Microsoft.Web/sites/snapshots",
            "apiVersion": "2015-08-01",
            "name": "[concat(parameters('sites_Twilighthealthbot_name'), '/2022-03-28T11_58_24_6514958')]",
            "dependsOn": [
                "[resourceId('Microsoft.Web/sites', parameters('sites_Twilighthealthbot_name'))]"
            ]
        },
        {
            "type": "Microsoft.Web/sites/snapshots",
            "apiVersion": "2015-08-01",
            "name": "[concat(parameters('sites_Twilighthealthbot_name'), '/2022-03-28T12_58_24_6768498')]",
            "dependsOn": [
                "[resourceId('Microsoft.Web/sites', parameters('sites_Twilighthealthbot_name'))]"
            ]
        },
        {
            "type": "Microsoft.Web/sites/snapshots",
            "apiVersion": "2015-08-01",
            "name": "[concat(parameters('sites_Twilighthealthbot_name'), '/2022-03-28T13_58_24_7378382')]",
            "dependsOn": [
                "[resourceId('Microsoft.Web/sites', parameters('sites_Twilighthealthbot_name'))]"
            ]
        }
    ]
}