{"name":"378bff03-abe2-4411-b523-75526e833766","id":"/providers/Microsoft.Flow/flows/378bff03-abe2-4411-b523-75526e833766","type":"Microsoft.Flow/flows","properties":{"apiId":"/providers/Microsoft.PowerApps/apis/shared_logicflows","displayName":"Send an email after executing SQL query when new item is added to SQL table","definition":{"metadata":{"workflowEntityId":null,"processAdvisorMetadata":null,"flowclientsuspensionreason":"None","flowclientsuspensiontime":null,"creator":{"id":"a8ad1889-08d5-42d3-a96d-f5f2e29a325d","type":"User","tenantId":"0b9d902d-e3c1-48f1-8979-365832b339dd"},"provisioningMethod":"FromDefinition","failureAlertSubscription":true,"clientLastModifiedTime":"2022-03-26T18:21:03.59863Z"},"$schema":"https://schema.management.azure.com/providers/Microsoft.Logic/schemas/2016-06-01/workflowdefinition.json#","contentVersion":"1.0.0.0","parameters":{"$connections":{"defaultValue":{},"type":"Object"},"$authentication":{"defaultValue":{},"type":"SecureObject"}},"triggers":{"When_an_item_is_created_(V2)":{"recurrence":{"frequency":"Minute","interval":3},"splitOn":"@triggerOutputs()?['body/value']","metadata":{"operationMetadataId":"bce4348f-c72b-4035-b73f-8ad26315dc94"},"type":"OpenApiConnection","inputs":{"host":{"apiId":"/providers/Microsoft.PowerApps/apis/shared_sql","connectionName":"shared_sql","operationId":"GetOnNewItems_V2"},"parameters":{"server":"default","database":"default","table":"[dbo].[Location]"},"authentication":"@parameters('$authentication')"}}},"actions":{"Compose":{"runAfter":{},"metadata":{"operationMetadataId":"8c1b7776-6992-498a-adfc-52bc3985f637"},"type":"Compose","inputs":"@{triggerOutputs()?['body/lat']}@{triggerOutputs()?['body/lon']}@{triggerOutputs()?['body/address']}@{triggerOutputs()?['body/postalcode']}"},"Send_an_email_(V2)":{"runAfter":{"Compose":["Succeeded"]},"metadata":{"operationMetadataId":"8181094c-c3e7-49f7-b689-009ec15d5cb5"},"type":"OpenApiConnection","inputs":{"host":{"apiId":"/providers/Microsoft.PowerApps/apis/shared_office365","connectionName":"shared_office365","operationId":"SendEmailV2"},"parameters":{"emailMessage/To":"twilightcloudcoderz@gmail.com","emailMessage/Subject":"location","emailMessage/Body":"<p>@{outputs('Compose')}</p>"},"authentication":"@parameters('$authentication')"}}},"outputs":{},"description":"When an item is created in a SQL Server table, execute a SQL query and send an Office 365 Outlook email."},"connectionReferences":{"shared_office365":{"connectionName":"shared-office365-b2f28029-34f0-4675-a843-132a6e4f2011","source":"Embedded","id":"/providers/Microsoft.PowerApps/apis/shared_office365","tier":"NotSpecified"},"shared_sql":{"connectionName":"02b0aae32d974f72a58bf85064294501","source":"Embedded","id":"/providers/Microsoft.PowerApps/apis/shared_sql","tier":"NotSpecified"}},"flowFailureAlertSubscribed":false}}